lat,lon,region,weight
25.5,279.0,east_south,0.9025852843498606
27.0,261.0,central_south,0.8910065241883679
27.0,262.5,central_south,0.8910065241883679
27.0,279.0,east_south,0.8910065241883679
28.5,261.0,central_south,0.8788171126619654
28.5,262.5,central_south,0.8788171126619654
28.5,264.0,central_south,0.8788171126619654
28.5,277.5,east_south,0.8788171126619654
28.5,279.0,east_south,0.8788171126619654
30.0,256.5,central_south,0.8660254037844387
30.0,258.0,central_south,0.8660254037844387
30.0,259.5,central_south,0.8660254037844387
30.0,261.0,central_south,0.8660254037844387
30.0,262.5,central_south,0.8660254037844387
30.0,264.0,central_south,0.8660254037844387
30.0,265.5,central_south,0.8660254037844387
30.0,267.0,central_south,0.8660254037844387
30.0,268.5,central_south,0.8660254037844387
30.0,270.0,central_south,0.8660254037844387
30.0,274.5,central_south,0.8660254037844387
30.0,276.0,east_south,0.8660254037844387
30.0,277.5,east_south,0.8660254037844387
31.5,249.0,west_south,0.8526401643540922
31.5,250.5,west_south,0.8526401643540922
31.5,255.0,central_south,0.8526401643540922
31.5,256.5,central_south,0.8526401643540922
31.5,258.0,central_south,0.8526401643540922
31.5,259.5,central_south,0.8526401643540922
31.5,261.0,central_south,0.8526401643540922
31.5,262.5,central_south,0.8526401643540922
31.5,264.0,central_south,0.8526401643540922
31.5,265.5,central_south,0.8526401643540922
31.5,267.0,central_south,0.8526401643540922
31.5,268.5,central_south,0.8526401643540922
31.5,270.0,central_south,0.8526401643540922
31.5,271.5,central_south,0.8526401643540922
31.5,273.0,central_south,0.8526401643540922
31.5,274.5,central_south,0.8526401643540922
31.5,276.0,east_south,0.8526401643540922
31.5,277.5,east_south,0.8526401643540922
33.0,243.0,west_south,0.838670567945424
33.0,244.5,west_south,0.838670567945424
33.0,246.0,west_south,0.838670567945424
33.0,247.5,west_south,0.838670567945424
33.0,249.0,west_south,0.838670567945424
33.0,250.5,west_south,0.838670567945424
33.0,252.0,west_south,0.838670567945424
33.0,253.5,west_south,0.838670567945424
33.0,255.0,central_south,0.838670567945424
33.0,256.5,central_south,0.838670567945424
33.0,258.0,central_south,0.838670567945424
33.0,259.5,central_south,0.838670567945424
33.0,261.0,central_south,0.838670567945424
33.0,262.5,central_south,0.838670567945424
33.0,264.0,central_south,0.838670567945424
33.0,265.5,central_south,0.838670567945424
33.0,267.0,central_south,0.838670567945424
33.0,268.5,central_south,0.838670567945424
33.0,270.0,central_south,0.838670567945424
33.0,271.5,central_south,0.838670567945424
33.0,273.0,central_south,0.838670567945424
33.0,274.5,central_south,0.838670567945424
33.0,276.0,east_south,0.838670567945424
33.0,277.5,east_south,0.838670567945424
33.0,279.0,east_south,0.838670567945424
33.0,280.5,east_south,0.838670567945424
34.5,240.0,west_south,0.8241261886220157
34.5,241.5,west_south,0.8241261886220157
34.5,243.0,west_south,0.8241261886220157
34.5,244.5,west_south,0.8241261886220157
34.5,246.0,west_south,0.8241261886220157
34.5,247.5,west_south,0.8241261886220157
34.5,249.0,west_south,0.8241261886220157
34.5,250.5,west_south,0.8241261886220157
34.5,252.0,west_south,0.8241261886220157
34.5,253.5,west_south,0.8241261886220157
34.5,255.0,central_south,0.8241261886220157
34.5,256.5,central_south,0.8241261886220157
34.5,258.0,central_south,0.8241261886220157
34.5,259.5,central_south,0.8241261886220157
34.5,261.0,central_south,0.8241261886220157
34.5,262.5,central_south,0.8241261886220157
34.5,264.0,central_south,0.8241261886220157
34.5,265.5,central_south,0.8241261886220157
34.5,267.0,central_south,0.8241261886220157
34.5,268.5,central_south,0.8241261886220157
34.5,270.0,central_south,0.8241261886220157
34.5,271.5,central_south,0.8241261886220157
34.5,273.0,central_south,0.8241261886220157
34.5,274.5,central_south,0.8241261886220157
34.5,276.0,east_south,0.8241261886220157
34.5,277.5,east_south,0.8241261886220157
34.5,279.0,east_south,0.8241261886220157
34.5,280.5,east_south,0.8241261886220157
34.5,282.0,east_south,0.8241261886220157
36.0,238.5,west_south,0.8090169943749475
36.0,240.0,west_south,0.8090169943749475
36.0,241.5,west_south,0.8090169943749475
36.0,243.0,west_south,0.8090169943749475
36.0,244.5,west_south,0.8090169943749475
36.0,246.0,west_south,0.8090169943749475
36.0,247.5,west_south,0.8090169943749475
36.0,249.0,west_south,0.8090169943749475
36.0,250.5,west_south,0.8090169943749475
36.0,252.0,west_south,0.8090169943749475
36.0,253.5,west_south,0.8090169943749475
36.0,255.0,central_south,0.8090169943749475
36.0,256.5,central_south,0.8090169943749475
36.0,258.0,central_south,0.8090169943749475
36.0,259.5,central_south,0.8090169943749475
36.0,261.0,central_south,0.8090169943749475
36.0,262.5,central_south,0.8090169943749475
36.0,264.0,central_south,0.8090169943749475
36.0,265.5,central_south,0.8090169943749475
36.0,267.0,central_south,0.8090169943749475
36.0,268.5,central_south,0.8090169943749475
36.0,270.0,central_south,0.8090169943749475
36.0,271.5,central_south,0.8090169943749475
36.0,273.0,central_south,0.8090169943749475
36.0,274.5,central_south,0.8090169943749475
36.0,276.0,east_south,0.8090169943749475
36.0,277.5,east_south,0.8090169943749475
36.0,279.0,east_south,0.8090169943749475
36.0,280.5,east_south,0.8090169943749475
36.0,282.0,east_south,0.8090169943749475
36.0,283.5,east_south,0.8090169943749475
37.5,238.5,west_north,0.7933533402912352
37.5,240.0,west_north,0.7933533402912352
37.5,241.5,west_north,0.7933533402912352
37.5,243.0,west_north,0.7933533402912352
37.5,244.5,west_north,0.7933533402912352
37.5,246.0,west_north,0.7933533402912352
37.5,247.5,west_north,0.7933533402912352
37.5,249.0,west_north,0.7933533402912352
37.5,250.5,west_north,0.7933533402912352
37.5,252.0,west_north,0.7933533402912352
37.5,253.5,west_north,0.7933533402912352
37.5,255.0,central_north,0.7933533402912352
37.5,256.5,central_north,0.7933533402912352
37.5,258.0,central_north,0.7933533402912352
37.5,259.5,central_north,0.7933533402912352
37.5,261.0,central_north,0.7933533402912352
37.5,262.5,central_north,0.7933533402912352
37.5,264.0,central_north,0.7933533402912352
37.5,265.5,central_north,0.7933533402912352
37.5,267.0,central_north,0.7933533402912352
37.5,268.5,central_north,0.7933533402912352
37.5,270.0,central_north,0.7933533402912352
37.5,271.5,central_north,0.7933533402912352
37.5,273.0,central_north,0.7933533402912352
37.5,274.5,central_north,0.7933533402912352
37.5,276.0,east_north,0.7933533402912352
37.5,277.5,east_north,0.7933533402912352
37.5,279.0,east_north,0.7933533402912352
37.5,280.5,east_north,0.7933533402912352
37.5,282.0,east_north,0.7933533402912352
37.5,283.5,east_north,0.7933533402912352
39.0,237.0,west_north,0.7771459614569709
39.0,238.5,west_north,0.7771459614569709
39.0,240.0,west_north,0.7771459614569709
39.0,241.5,west_north,0.7771459614569709
39.0,243.0,west_north,0.7771459614569709
39.0,244.5,west_north,0.7771459614569709
39.0,246.0,west_north,0.7771459614569709
39.0,247.5,west_north,0.7771459614569709
39.0,249.0,west_north,0.7771459614569709
39.0,250.5,west_north,0.7771459614569709
39.0,252.0,west_north,0.7771459614569709
39.0,253.5,west_north,0.7771459614569709
39.0,255.0,central_north,0.7771459614569709
39.0,256.5,central_north,0.7771459614569709
39.0,258.0,central_north,0.7771459614569709
39.0,259.5,central_north,0.7771459614569709
39.0,261.0,central_north,0.7771459614569709
39.0,262.5,central_north,0.7771459614569709
39.0,264.0,central_north,0.7771459614569709
39.0,265.5,central_north,0.7771459614569709
39.0,267.0,central_north,0.7771459614569709
39.0,268.5,central_north,0.7771459614569709
39.0,270.0,central_north,0.7771459614569709
39.0,271.5,central_north,0.7771459614569709
39.0,273.0,central_north,0.7771459614569709
39.0,274.5,central_north,0.7771459614569709
39.0,276.0,east_north,0.7771459614569709
39.0,277.5,east_north,0.7771459614569709
39.0,279.0,east_north,0.7771459614569709
39.0,280.5,east_north,0.7771459614569709
39.0,282.0,east_north,0.7771459614569709
39.0,283.5,east_north,0.7771459614569709
39.0,285.0,east_north,0.7771459614569709
40.5,237.0,west_north,0.7604059656000309
40.5,238.5,west_north,0.7604059656000309
40.5,240.0,west_north,0.7604059656000309
40.5,241.5,west_north,0.7604059656000309
40.5,243.0,west_north,0.7604059656000309
40.5,244.5,west_north,0.7604059656000309
40.5,246.0,west_north,0.7604059656000309
40.5,247.5,west_north,0.7604059656000309
40.5,249.0,west_north,0.7604059656000309
40.5,250.5,west_north,0.7604059656000309
40.5,252.0,west_north,0.7604059656000309
40.5,253.5,west_north,0.7604059656000309
40.5,255.0,central_north,0.7604059656000309
40.5,256.5,central_north,0.7604059656000309
40.5,258.0,central_north,0.7604059656000309
40.5,259.5,central_north,0.7604059656000309
40.5,261.0,central_north,0.7604059656000309
40.5,262.5,central_north,0.7604059656000309
40.5,264.0,central_north,0.7604059656000309
40.5,265.5,central_north,0.7604059656000309
40.5,267.0,central_north,0.7604059656000309
40.5,268.5,central_north,0.7604059656000309
40.5,270.0,central_north,0.7604059656000309
40.5,271.5,central_north,0.7604059656000309
40.5,273.0,central_north,0.7604059656000309
40.5,274.5,central_north,0.7604059656000309
40.5,276.0,east_north,0.7604059656000309
40.5,277.5,east_north,0.7604059656000309
40.5,279.0,east_north,0.7604059656000309
40.5,280.5,east_north,0.7604059656000309
40.5,282.0,east_north,0.7604059656000309
40.5,283.5,east_north,0.7604059656000309
40.5,285.0,east_north,0.7604059656000309
40.5,286.5,east_north,0.7604059656000309
42.0,237.0,west_north,0.7431448254773942
42.0,238.5,west_north,0.7431448254773942
42.0,240.0,west_north,0.7431448254773942
42.0,241.5,west_north,0.7431448254773942
42.0,243.0,west_north,0.7431448254773942
42.0,244.5,west_north,0.7431448254773942
42.0,246.0,west_north,0.7431448254773942
42.0,247.5,west_north,0.7431448254773942
42.0,249.0,west_north,0.7431448254773942
42.0,250.5,west_north,0.7431448254773942
42.0,252.0,west_north,0.7431448254773942
42.0,253.5,west_north,0.7431448254773942
42.0,255.0,central_north,0.7431448254773942
42.0,256.5,central_north,0.7431448254773942
42.0,258.0,central_north,0.7431448254773942
42.0,259.5,central_north,0.7431448254773942
42.0,261.0,central_north,0.7431448254773942
42.0,262.5,central_north,0.7431448254773942
42.0,264.0,central_north,0.7431448254773942
42.0,265.5,central_north,0.7431448254773942
42.0,267.0,central_north,0.7431448254773942
42.0,268.5,central_north,0.7431448254773942
42.0,270.0,central_north,0.7431448254773942
42.0,271.5,central_north,0.7431448254773942
42.0,273.0,central_north,0.7431448254773942
42.0,274.5,central_north,0.7431448254773942
42.0,276.0,east_north,0.7431448254773942
42.0,277.5,east_north,0.7431448254773942
42.0,279.0,east_north,0.7431448254773942
42.0,280.5,east_north,0.7431448254773942
42.0,282.0,east_north,0.7431448254773942
42.0,283.5,east_north,0.7431448254773942
42.0,285.0,east_north,0.7431448254773942
42.0,286.5,east_north,0.7431448254773942
42.0,288.0,east_north,0.7431448254773942
43.5,237.0,west_north,0.7253743710122876
43.5,238.5,west_north,0.7253743710122876
43.5,240.0,west_north,0.7253743710122876
43.5,241.5,west_north,0.7253743710122876
43.5,243.0,west_north,0.7253743710122876
43.5,244.5,west_north,0.7253743710122876
43.5,246.0,west_north,0.7253743710122876
43.5,247.5,west_north,0.7253743710122876
43.5,249.0,west_north,0.7253743710122876
43.5,250.5,west_north,0.7253743710122876
43.5,252.0,west_north,0.7253743710122876
43.5,253.5,west_north,0.7253743710122876
43.5,255.0,central_north,0.7253743710122876
43.5,256.5,central_north,0.7253743710122876
43.5,258.0,central_north,0.7253743710122876
43.5,259.5,central_north,0.7253743710122876
43.5,261.0,central_north,0.7253743710122876
43.5,262.5,central_north,0.7253743710122876
43.5,264.0,central_north,0.7253743710122876
43.5,265.5,central_north,0.7253743710122876
43.5,267.0,central_north,0.7253743710122876
43.5,268.5,central_north,0.7253743710122876
43.5,270.0,central_north,0.7253743710122876
43.5,271.5,central_north,0.7253743710122876
43.5,273.0,central_north,0.7253743710122876
43.5,274.5,central_north,0.7253743710122876
43.5,276.0,east_north,0.7253743710122876
43.5,277.5,east_north,0.7253743710122876
43.5,282.0,east_north,0.7253743710122876
43.5,283.5,east_north,0.7253743710122876
43.5,285.0,east_north,0.7253743710122876
43.5,286.5,east_north,0.7253743710122876
43.5,288.0,east_north,0.7253743710122876
43.5,289.5,east_north,0.7253743710122876
45.0,237.0,west_north,0.7071067811865476
45.0,238.5,west_north,0.7071067811865476
45.0,240.0,west_north,0.7071067811865476
45.0,241.5,west_north,0.7071067811865476
45.0,243.0,west_north,0.7071067811865476
45.0,244.5,west_north,0.7071067811865476
45.0,246.0,west_north,0.7071067811865476
45.0,247.5,west_north,0.7071067811865476
45.0,249.0,west_north,0.7071067811865476
45.0,250.5,west_north,0.7071067811865476
45.0,252.0,west_north,0.7071067811865476
45.0,253.5,west_north,0.7071067811865476
45.0,255.0,central_north,0.7071067811865476
45.0,256.5,central_north,0.7071067811865476
45.0,258.0,central_north,0.7071067811865476
45.0,259.5,central_north,0.7071067811865476
45.0,261.0,central_north,0.7071067811865476
45.0,262.5,central_north,0.7071067811865476
45.0,264.0,central_north,0.7071067811865476
45.0,265.5,central_north,0.7071067811865476
45.0,267.0,central_north,0.7071067811865476
45.0,268.5,central_north,0.7071067811865476
45.0,270.0,central_north,0.7071067811865476
45.0,271.5,central_north,0.7071067811865476
45.0,273.0,central_north,0.7071067811865476
45.0,274.5,central_north,0.7071067811865476
45.0,276.0,east_north,0.7071067811865476
45.0,286.5,east_north,0.7071067811865476
45.0,288.0,east_north,0.7071067811865476
45.0,289.5,east_north,0.7071067811865476
45.0,291.0,east_north,0.7071067811865476
45.0,292.5,east_north,0.7071067811865476
46.5,237.0,west_north,0.688354575693754
46.5,238.5,west_north,0.688354575693754
46.5,240.0,west_north,0.688354575693754
46.5,241.5,west_north,0.688354575693754
46.5,243.0,west_north,0.688354575693754
46.5,244.5,west_north,0.688354575693754
46.5,246.0,west_north,0.688354575693754
46.5,247.5,west_north,0.688354575693754
46.5,249.0,west_north,0.688354575693754
46.5,250.5,west_north,0.688354575693754
46.5,252.0,west_north,0.688354575693754
46.5,253.5,west_north,0.688354575693754
46.5,255.0,central_north,0.688354575693754
46.5,256.5,central_north,0.688354575693754
46.5,258.0,central_north,0.688354575693754
46.5,259.5,central_north,0.688354575693754
46.5,261.0,central_north,0.688354575693754
46.5,262.5,central_north,0.688354575693754
46.5,264.0,central_north,0.688354575693754
46.5,265.5,central_north,0.688354575693754
46.5,267.0,central_north,0.688354575693754
46.5,268.5,central_north,0.688354575693754
46.5,270.0,central_north,0.688354575693754
46.5,271.5,central_north,0.688354575693754
46.5,273.0,central_north,0.688354575693754
46.5,274.5,central_north,0.688354575693754
46.5,291.0,east_north,0.688354575693754
48.0,237.0,west_north,0.6691306063588582
48.0,238.5,west_north,0.6691306063588582
48.0,240.0,west_north,0.6691306063588582
48.0,241.5,west_north,0.6691306063588582
48.0,243.0,west_north,0.6691306063588582
48.0,244.5,west_north,0.6691306063588582
48.0,246.0,west_north,0.6691306063588582
48.0,247.5,west_north,0.6691306063588582
48.0,249.0,west_north,0.6691306063588582
48.0,250.5,west_north,0.6691306063588582
48.0,252.0,west_north,0.6691306063588582
48.0,253.5,west_north,0.6691306063588582
48.0,255.0,central_north,0.6691306063588582
48.0,256.5,central_north,0.6691306063588582
48.0,258.0,central_north,0.6691306063588582
48.0,259.5,central_north,0.6691306063588582
48.0,261.0,central_north,0.6691306063588582
48.0,262.5,central_north,0.6691306063588582
48.0,264.0,central_north,0.6691306063588582
48.0,265.5,central_north,0.6691306063588582
48.0,267.0,central_north,0.6691306063588582
48.0,268.5,central_north,0.6691306063588582
48.0,270.0,central_north,0.6691306063588582
48.0,271.5,central_north,0.6691306063588582
